position_1,position_2,mutation_pair,observed_frequency,expected_frequency,position_pair
6,32,Pos6_T-Pos32_A,0.10556186152099886,0.024002752006349198,Pos6-Pos32
6,32,Pos6_T-Pos32_R,0.0,0.0004174391653278121,Pos6-Pos32
6,32,Pos6_*-Pos32_A,0.0,0.00029633027168332344,Pos6-Pos32
6,32,Pos6_*-Pos32_R,0.0,5.153569942318668e-06,Pos6-Pos32
6,56,Pos6_T-Pos56_L,0.024971623155505107,0.009183661637211866,Pos6-Pos56
6,56,Pos6_T-Pos56_N,0.0022701475595913734,0.0006261587479917182,Pos6-Pos56
6,56,Pos6_T-Pos56_R,0.0,0.00020871958266390606,Pos6-Pos56
6,56,Pos6_T-Pos56_Q,0.0022701475595913734,0.0004174391653278121,Pos6-Pos56
6,56,Pos6_*-Pos56_L,0.0,0.0001133785387310107,Pos6-Pos56
6,56,Pos6_*-Pos56_N,0.0,7.730354913478002e-06,Pos6-Pos56
6,56,Pos6_*-Pos56_R,0.0,2.576784971159334e-06,Pos6-Pos56
6,56,Pos6_*-Pos56_Q,0.0,5.153569942318668e-06,Pos6-Pos56
6,121,Pos6_T-Pos121_P,0.007945516458569807,0.010227259550531397,Pos6-Pos121
6,121,Pos6_T-Pos121_L,0.0,0.00020871958266390606,Pos6-Pos121
6,121,Pos6_T-Pos121_Y,0.0,0.00020871958266390606,Pos6-Pos121
6,121,Pos6_T-Pos121_A,0.0,0.00020871958266390606,Pos6-Pos121
6,121,Pos6_*-Pos121_P,0.0,0.00012626246358680737,Pos6-Pos121
6,121,Pos6_*-Pos121_L,0.0,2.576784971159334e-06,Pos6-Pos121
6,121,Pos6_*-Pos121_Y,0.0,2.576784971159334e-06,Pos6-Pos121
6,121,Pos6_*-Pos121_A,0.0,2.576784971159334e-06,Pos6-Pos121
6,162,Pos6_T-Pos162_N,0.0,0.00020871958266390606,Pos6-Pos162
6,162,Pos6_T-Pos162_I,0.01362088535754824,0.015445249117129049,Pos6-Pos162
6,162,Pos6_*-Pos162_N,0.0,2.576784971159334e-06,Pos6-Pos162
6,162,Pos6_*-Pos162_I,0.0,0.00019068208786579072,Pos6-Pos162
6,198,Pos6_T-Pos198_T,0.009080590238365494,0.010018539967867491,Pos6-Pos198
6,198,Pos6_T-Pos198_*,0.0011350737797956867,0.0014610370786473424,Pos6-Pos198
6,198,Pos6_T-Pos198_L,0.0,0.00020871958266390606,Pos6-Pos198
6,198,Pos6_*-Pos198_T,0.0,0.00012368567861564803,Pos6-Pos198
6,198,Pos6_*-Pos198_*,0.0,1.803749479811534e-05,Pos6-Pos198
6,198,Pos6_*-Pos198_L,0.0,2.576784971159334e-06,Pos6-Pos198
6,199,Pos6_T-Pos199_D,0.009080590238365494,0.010018539967867491,Pos6-Pos199
6,199,Pos6_T-Pos199_S,0.0,0.00020871958266390606,Pos6-Pos199
6,199,Pos6_*-Pos199_D,0.0,0.00012368567861564803,Pos6-Pos199
6,199,Pos6_*-Pos199_S,0.0,2.576784971159334e-06,Pos6-Pos199
6,220,Pos6_T-Pos220_V,0.02383654937570942,0.027759704494299507,Pos6-Pos220
6,220,Pos6_T-Pos220_S,0.0,0.0004174391653278121,Pos6-Pos220
6,220,Pos6_T-Pos220_I,0.0,0.00020871958266390606,Pos6-Pos220
6,220,Pos6_T-Pos220_C,0.0,0.00020871958266390606,Pos6-Pos220
6,220,Pos6_*-Pos220_V,0.0,0.00034271240116419145,Pos6-Pos220
6,220,Pos6_*-Pos220_S,0.0,5.153569942318668e-06,Pos6-Pos220
6,220,Pos6_*-Pos220_I,0.0,2.576784971159334e-06,Pos6-Pos220
6,220,Pos6_*-Pos220_C,0.0,2.576784971159334e-06,Pos6-Pos220
6,225,Pos6_T-Pos225_S,0.0022701475595913734,0.0014610370786473424,Pos6-Pos225
6,225,Pos6_T-Pos225_I,0.07832009080590238,0.08077447849093165,Pos6-Pos225
6,225,Pos6_T-Pos225_T,0.02043132803632236,0.02275043451036576,Pos6-Pos225
6,225,Pos6_T-Pos225_L,0.05788876276958002,0.06157227688585229,Pos6-Pos225
6,225,Pos6_T-Pos225_E,0.0,0.0006261587479917182,Pos6-Pos225
6,225,Pos6_T-Pos225_Q,0.0011350737797956867,0.0006261587479917182,Pos6-Pos225
6,225,Pos6_T-Pos225_*,0.0011350737797956867,0.0012523174959834364,Pos6-Pos225
6,225,Pos6_*-Pos225_S,0.0,1.803749479811534e-05,Pos6-Pos225
6,225,Pos6_*-Pos225_I,0.0011350737797956867,0.0009972157838386622,Pos6-Pos225
6,225,Pos6_*-Pos225_T,0.0,0.0002808695618563674,Pos6-Pos225
6,225,Pos6_*-Pos225_L,0.0011350737797956867,0.0007601515664920036,Pos6-Pos225
6,225,Pos6_*-Pos225_E,0.0,7.730354913478002e-06,Pos6-Pos225
6,225,Pos6_*-Pos225_Q,0.0,7.730354913478002e-06,Pos6-Pos225
6,225,Pos6_*-Pos225_*,0.0,1.5460709826956004e-05,Pos6-Pos225
32,56,Pos32_A-Pos56_L,0.02724177071509648,0.006519265977033115,Pos32-Pos56
32,56,Pos32_A-Pos56_N,0.0022701475595913734,0.0004444954075249851,Pos32-Pos56
32,56,Pos32_A-Pos56_R,0.0,0.00014816513584166172,Pos32-Pos56
32,56,Pos32_A-Pos56_Q,0.0011350737797956867,0.00029633027168332344,Pos32-Pos56
32,56,Pos32_R-Pos56_L,0.0,0.0001133785387310107,Pos32-Pos56
32,56,Pos32_R-Pos56_N,0.0,7.730354913478002e-06,Pos32-Pos56
32,56,Pos32_R-Pos56_R,0.0,2.576784971159334e-06,Pos32-Pos56
32,56,Pos32_R-Pos56_Q,0.0,5.153569942318668e-06,Pos32-Pos56
32,121,Pos32_A-Pos121_P,0.004540295119182747,0.007260091656241424,Pos32-Pos121
32,121,Pos32_A-Pos121_L,0.0,0.00014816513584166172,Pos32-Pos121
32,121,Pos32_A-Pos121_Y,0.0,0.00014816513584166172,Pos32-Pos121
32,121,Pos32_A-Pos121_A,0.0,0.00014816513584166172,Pos32-Pos121
32,121,Pos32_R-Pos121_P,0.0011350737797956867,0.00012626246358680737,Pos32-Pos121
32,121,Pos32_R-Pos121_L,0.0,2.576784971159334e-06,Pos32-Pos121
32,121,Pos32_R-Pos121_Y,0.0,2.576784971159334e-06,Pos32-Pos121
32,121,Pos32_R-Pos121_A,0.0,2.576784971159334e-06,Pos32-Pos121
32,162,Pos32_A-Pos162_N,0.0,0.00014816513584166172,Pos32-Pos162
32,162,Pos32_A-Pos162_I,0.009080590238365494,0.010964220052282966,Pos32-Pos162
32,162,Pos32_R-Pos162_N,0.0,2.576784971159334e-06,Pos32-Pos162
32,162,Pos32_R-Pos162_I,0.0,0.00019068208786579072,Pos32-Pos162
32,198,Pos32_A-Pos198_T,0.004540295119182747,0.007111926520399762,Pos32-Pos198
32,198,Pos32_A-Pos198_*,0.0011350737797956867,0.001037155950891632,Pos32-Pos198
32,198,Pos32_A-Pos198_L,0.0,0.00014816513584166172,Pos32-Pos198
32,198,Pos32_R-Pos198_T,0.0,0.00012368567861564803,Pos32-Pos198
32,198,Pos32_R-Pos198_*,0.0,1.803749479811534e-05,Pos32-Pos198
32,198,Pos32_R-Pos198_L,0.0,2.576784971159334e-06,Pos32-Pos198
32,199,Pos32_A-Pos199_D,0.004540295119182747,0.007111926520399762,Pos32-Pos199
32,199,Pos32_A-Pos199_S,0.0,0.00014816513584166172,Pos32-Pos199
32,199,Pos32_R-Pos199_D,0.0,0.00012368567861564803,Pos32-Pos199
32,199,Pos32_R-Pos199_S,0.0,2.576784971159334e-06,Pos32-Pos199
32,220,Pos32_A-Pos220_V,0.019296254256526674,0.019705963066941008,Pos32-Pos220
32,220,Pos32_A-Pos220_S,0.0,0.00029633027168332344,Pos32-Pos220
32,220,Pos32_A-Pos220_I,0.0,0.00014816513584166172,Pos32-Pos220
32,220,Pos32_A-Pos220_C,0.0,0.00014816513584166172,Pos32-Pos220
32,220,Pos32_R-Pos220_V,0.0,0.00034271240116419145,Pos32-Pos220
32,220,Pos32_R-Pos220_S,0.0,5.153569942318668e-06,Pos32-Pos220
32,220,Pos32_R-Pos220_I,0.0,2.576784971159334e-06,Pos32-Pos220
32,220,Pos32_R-Pos220_C,0.0,2.576784971159334e-06,Pos32-Pos220
32,225,Pos32_A-Pos225_S,0.0022701475595913734,0.001037155950891632,Pos32-Pos225
32,225,Pos32_A-Pos225_I,0.053348467650397274,0.05733990757072308,Pos32-Pos225
32,225,Pos32_A-Pos225_T,0.015891032917139614,0.016149999806741127,Pos32-Pos225
32,225,Pos32_A-Pos225_L,0.04199772985244041,0.04370871507329021,Pos32-Pos225
32,225,Pos32_A-Pos225_E,0.0,0.0004444954075249851,Pos32-Pos225
32,225,Pos32_A-Pos225_Q,0.0,0.0004444954075249851,Pos32-Pos225
32,225,Pos32_A-Pos225_*,0.0,0.0008889908150499702,Pos32-Pos225
32,225,Pos32_R-Pos225_S,0.0,1.803749479811534e-05,Pos32-Pos225
32,225,Pos32_R-Pos225_I,0.0,0.0009972157838386622,Pos32-Pos225
32,225,Pos32_R-Pos225_T,0.0,0.0002808695618563674,Pos32-Pos225
32,225,Pos32_R-Pos225_L,0.0011350737797956867,0.0007601515664920036,Pos32-Pos225
32,225,Pos32_R-Pos225_E,0.0,7.730354913478002e-06,Pos32-Pos225
32,225,Pos32_R-Pos225_Q,0.0,7.730354913478002e-06,Pos32-Pos225
32,225,Pos32_R-Pos225_*,0.0,1.5460709826956004e-05,Pos32-Pos225
56,121,Pos56_L-Pos121_P,0.004540295119182747,0.002777774198909762,Pos56-Pos121
56,121,Pos56_L-Pos121_L,0.0,5.668926936550535e-05,Pos56-Pos121
56,121,Pos56_L-Pos121_Y,0.0,5.668926936550535e-05,Pos56-Pos121
56,121,Pos56_L-Pos121_A,0.0,5.668926936550535e-05,Pos56-Pos121
56,121,Pos56_N-Pos121_P,0.0,0.00018939369538021106,Pos56-Pos121
56,121,Pos56_N-Pos121_L,0.0,3.865177456739001e-06,Pos56-Pos121
56,121,Pos56_N-Pos121_Y,0.0,3.865177456739001e-06,Pos56-Pos121
56,121,Pos56_N-Pos121_A,0.0,3.865177456739001e-06,Pos56-Pos121
56,121,Pos56_R-Pos121_P,0.0,6.313123179340369e-05,Pos56-Pos121
56,121,Pos56_R-Pos121_L,0.0,1.288392485579667e-06,Pos56-Pos121
56,121,Pos56_R-Pos121_Y,0.0,1.288392485579667e-06,Pos56-Pos121
56,121,Pos56_R-Pos121_A,0.0,1.288392485579667e-06,Pos56-Pos121
56,121,Pos56_Q-Pos121_P,0.0,0.00012626246358680737,Pos56-Pos121
56,121,Pos56_Q-Pos121_L,0.0,2.576784971159334e-06,Pos56-Pos121
56,121,Pos56_Q-Pos121_Y,0.0,2.576784971159334e-06,Pos56-Pos121
56,121,Pos56_Q-Pos121_A,0.0,2.576784971159334e-06,Pos56-Pos121
56,162,Pos56_L-Pos162_N,0.0,5.668926936550535e-05,Pos56-Pos162
56,162,Pos56_L-Pos162_I,0.0,0.004195005933047396,Pos56-Pos162
56,162,Pos56_N-Pos162_N,0.0,3.865177456739001e-06,Pos56-Pos162
56,162,Pos56_N-Pos162_I,0.0,0.00028602313179868606,Pos56-Pos162
56,162,Pos56_R-Pos162_N,0.0,1.288392485579667e-06,Pos56-Pos162
56,162,Pos56_R-Pos162_I,0.0,9.534104393289536e-05,Pos56-Pos162
56,162,Pos56_Q-Pos162_N,0.0,2.576784971159334e-06,Pos56-Pos162
56,162,Pos56_Q-Pos162_I,0.0,0.00019068208786579072,Pos56-Pos162
56,198,Pos56_L-Pos198_T,0.0,0.0027210849295442566,Pos56-Pos198
56,198,Pos56_L-Pos198_*,0.0,0.00039682488555853746,Pos56-Pos198
56,198,Pos56_L-Pos198_L,0.0,5.668926936550535e-05,Pos56-Pos198
56,198,Pos56_N-Pos198_T,0.0,0.00018552851792347206,Pos56-Pos198
56,198,Pos56_N-Pos198_*,0.0,2.705624219717301e-05,Pos56-Pos198
56,198,Pos56_N-Pos198_L,0.0,3.865177456739001e-06,Pos56-Pos198
56,198,Pos56_R-Pos198_T,0.0,6.184283930782401e-05,Pos56-Pos198
56,198,Pos56_R-Pos198_*,0.0,9.01874739905767e-06,Pos56-Pos198
56,198,Pos56_R-Pos198_L,0.0,1.288392485579667e-06,Pos56-Pos198
56,198,Pos56_Q-Pos198_T,0.0011350737797956867,0.00012368567861564803,Pos56-Pos198
56,198,Pos56_Q-Pos198_*,0.0,1.803749479811534e-05,Pos56-Pos198
56,198,Pos56_Q-Pos198_L,0.0,2.576784971159334e-06,Pos56-Pos198
56,199,Pos56_L-Pos199_D,0.0011350737797956867,0.0027210849295442566,Pos56-Pos199
56,199,Pos56_L-Pos199_S,0.0,5.668926936550535e-05,Pos56-Pos199
56,199,Pos56_N-Pos199_D,0.0,0.00018552851792347206,Pos56-Pos199
56,199,Pos56_N-Pos199_S,0.0,3.865177456739001e-06,Pos56-Pos199
56,199,Pos56_R-Pos199_D,0.0,6.184283930782401e-05,Pos56-Pos199
56,199,Pos56_R-Pos199_S,0.0,1.288392485579667e-06,Pos56-Pos199
56,199,Pos56_Q-Pos199_D,0.0011350737797956867,0.00012368567861564803,Pos56-Pos199
56,199,Pos56_Q-Pos199_S,0.0,2.576784971159334e-06,Pos56-Pos199
56,220,Pos56_L-Pos220_V,0.0056753688989784334,0.007539672825612211,Pos56-Pos220
56,220,Pos56_L-Pos220_S,0.0,0.0001133785387310107,Pos56-Pos220
56,220,Pos56_L-Pos220_I,0.0,5.668926936550535e-05,Pos56-Pos220
56,220,Pos56_L-Pos220_C,0.0,5.668926936550535e-05,Pos56-Pos220
56,220,Pos56_N-Pos220_V,0.0,0.0005140686017462871,Pos56-Pos220
56,220,Pos56_N-Pos220_S,0.0,7.730354913478002e-06,Pos56-Pos220
56,220,Pos56_N-Pos220_I,0.0,3.865177456739001e-06,Pos56-Pos220
56,220,Pos56_N-Pos220_C,0.0,3.865177456739001e-06,Pos56-Pos220
56,220,Pos56_R-Pos220_V,0.0,0.00017135620058209572,Pos56-Pos220
56,220,Pos56_R-Pos220_S,0.0,2.576784971159334e-06,Pos56-Pos220
56,220,Pos56_R-Pos220_I,0.0,1.288392485579667e-06,Pos56-Pos220
56,220,Pos56_R-Pos220_C,0.0,1.288392485579667e-06,Pos56-Pos220
56,220,Pos56_Q-Pos220_V,0.0,0.00034271240116419145,Pos56-Pos220
56,220,Pos56_Q-Pos220_S,0.0,5.153569942318668e-06,Pos56-Pos220
56,220,Pos56_Q-Pos220_I,0.0,2.576784971159334e-06,Pos56-Pos220
56,220,Pos56_Q-Pos220_C,0.0,2.576784971159334e-06,Pos56-Pos220
56,225,Pos56_L-Pos225_S,0.0,0.00039682488555853746,Pos56-Pos225
56,225,Pos56_L-Pos225_I,0.0170261066969353,0.021938747244450572,Pos56-Pos225
56,225,Pos56_L-Pos225_T,0.011350737797956867,0.006179130360840083,Pos56-Pos225
56,225,Pos56_L-Pos225_L,0.015891032917139614,0.01672333446282408,Pos56-Pos225
56,225,Pos56_L-Pos225_E,0.0,0.00017006780809651604,Pos56-Pos225
56,225,Pos56_L-Pos225_Q,0.0,0.00017006780809651604,Pos56-Pos225
56,225,Pos56_L-Pos225_*,0.0,0.0003401356161930321,Pos56-Pos225
56,225,Pos56_N-Pos225_S,0.0,2.705624219717301e-05,Pos56-Pos225
56,225,Pos56_N-Pos225_I,0.0011350737797956867,0.0014958236757579935,Pos56-Pos225
56,225,Pos56_N-Pos225_T,0.0011350737797956867,0.00042130434278455113,Pos56-Pos225
56,225,Pos56_N-Pos225_L,0.0,0.0011402273497380054,Pos56-Pos225
56,225,Pos56_N-Pos225_E,0.0,1.1595532370217004e-05,Pos56-Pos225
56,225,Pos56_N-Pos225_Q,0.0,1.1595532370217004e-05,Pos56-Pos225
56,225,Pos56_N-Pos225_*,0.0,2.3191064740434007e-05,Pos56-Pos225
56,225,Pos56_R-Pos225_S,0.0,9.01874739905767e-06,Pos56-Pos225
56,225,Pos56_R-Pos225_I,0.0011350737797956867,0.0004986078919193311,Pos56-Pos225
56,225,Pos56_R-Pos225_T,0.0,0.0001404347809281837,Pos56-Pos225
56,225,Pos56_R-Pos225_L,0.0,0.0003800757832460018,Pos56-Pos225
56,225,Pos56_R-Pos225_E,0.0,3.865177456739001e-06,Pos56-Pos225
56,225,Pos56_R-Pos225_Q,0.0,3.865177456739001e-06,Pos56-Pos225
56,225,Pos56_R-Pos225_*,0.0,7.730354913478002e-06,Pos56-Pos225
56,225,Pos56_Q-Pos225_S,0.0011350737797956867,1.803749479811534e-05,Pos56-Pos225
56,225,Pos56_Q-Pos225_I,0.0,0.0009972157838386622,Pos56-Pos225
56,225,Pos56_Q-Pos225_T,0.0,0.0002808695618563674,Pos56-Pos225
56,225,Pos56_Q-Pos225_L,0.0,0.0007601515664920036,Pos56-Pos225
56,225,Pos56_Q-Pos225_E,0.0,7.730354913478002e-06,Pos56-Pos225
56,225,Pos56_Q-Pos225_Q,0.0,7.730354913478002e-06,Pos56-Pos225
56,225,Pos56_Q-Pos225_*,0.0,1.5460709826956004e-05,Pos56-Pos225
121,162,Pos121_P-Pos162_N,0.0,6.313123179340369e-05,Pos121-Pos162
121,162,Pos121_P-Pos162_I,0.012485811577752554,0.004671711152711873,Pos121-Pos162
121,162,Pos121_L-Pos162_N,0.0,1.288392485579667e-06,Pos121-Pos162
121,162,Pos121_L-Pos162_I,0.0,9.534104393289536e-05,Pos121-Pos162
121,162,Pos121_Y-Pos162_N,0.0,1.288392485579667e-06,Pos121-Pos162
121,162,Pos121_Y-Pos162_I,0.0,9.534104393289536e-05,Pos121-Pos162
121,162,Pos121_A-Pos162_N,0.0,1.288392485579667e-06,Pos121-Pos162
121,162,Pos121_A-Pos162_I,0.0,9.534104393289536e-05,Pos121-Pos162
121,198,Pos121_P-Pos198_T,0.004540295119182747,0.003030299126083377,Pos121-Pos198
121,198,Pos121_P-Pos198_*,0.0,0.0004419186225538258,Pos121-Pos198
121,198,Pos121_P-Pos198_L,0.0,6.313123179340369e-05,Pos121-Pos198
121,198,Pos121_L-Pos198_T,0.0,6.184283930782401e-05,Pos121-Pos198
121,198,Pos121_L-Pos198_*,0.0,9.01874739905767e-06,Pos121-Pos198
121,198,Pos121_L-Pos198_L,0.0,1.288392485579667e-06,Pos121-Pos198
121,198,Pos121_Y-Pos198_T,0.0,6.184283930782401e-05,Pos121-Pos198
121,198,Pos121_Y-Pos198_*,0.0,9.01874739905767e-06,Pos121-Pos198
121,198,Pos121_Y-Pos198_L,0.0,1.288392485579667e-06,Pos121-Pos198
121,198,Pos121_A-Pos198_T,0.0,6.184283930782401e-05,Pos121-Pos198
121,198,Pos121_A-Pos198_*,0.0,9.01874739905767e-06,Pos121-Pos198
121,198,Pos121_A-Pos198_L,0.0,1.288392485579667e-06,Pos121-Pos198
121,199,Pos121_P-Pos199_D,0.004540295119182747,0.003030299126083377,Pos121-Pos199
121,199,Pos121_P-Pos199_S,0.0,6.313123179340369e-05,Pos121-Pos199
121,199,Pos121_L-Pos199_D,0.0,6.184283930782401e-05,Pos121-Pos199
121,199,Pos121_L-Pos199_S,0.0,1.288392485579667e-06,Pos121-Pos199
121,199,Pos121_Y-Pos199_D,0.0,6.184283930782401e-05,Pos121-Pos199
121,199,Pos121_Y-Pos199_S,0.0,1.288392485579667e-06,Pos121-Pos199
121,199,Pos121_A-Pos199_D,0.0,6.184283930782401e-05,Pos121-Pos199
121,199,Pos121_A-Pos199_S,0.0,1.288392485579667e-06,Pos121-Pos199
121,220,Pos121_P-Pos220_V,0.009080590238365494,0.00839645382852269,Pos121-Pos220
121,220,Pos121_P-Pos220_S,0.0,0.00012626246358680737,Pos121-Pos220
121,220,Pos121_P-Pos220_I,0.0011350737797956867,6.313123179340369e-05,Pos121-Pos220
121,220,Pos121_P-Pos220_C,0.0,6.313123179340369e-05,Pos121-Pos220
121,220,Pos121_L-Pos220_V,0.0,0.00017135620058209572,Pos121-Pos220
121,220,Pos121_L-Pos220_S,0.0,2.576784971159334e-06,Pos121-Pos220
121,220,Pos121_L-Pos220_I,0.0,1.288392485579667e-06,Pos121-Pos220
121,220,Pos121_L-Pos220_C,0.0,1.288392485579667e-06,Pos121-Pos220
121,220,Pos121_Y-Pos220_V,0.0,0.00017135620058209572,Pos121-Pos220
121,220,Pos121_Y-Pos220_S,0.0011350737797956867,2.576784971159334e-06,Pos121-Pos220
121,220,Pos121_Y-Pos220_I,0.0,1.288392485579667e-06,Pos121-Pos220
121,220,Pos121_Y-Pos220_C,0.0,1.288392485579667e-06,Pos121-Pos220
121,220,Pos121_A-Pos220_V,0.0011350737797956867,0.00017135620058209572,Pos121-Pos220
121,220,Pos121_A-Pos220_S,0.0,2.576784971159334e-06,Pos121-Pos220
121,220,Pos121_A-Pos220_I,0.0,1.288392485579667e-06,Pos121-Pos220
121,220,Pos121_A-Pos220_C,0.0,1.288392485579667e-06,Pos121-Pos220
121,225,Pos121_P-Pos225_S,0.0,0.0004419186225538258,Pos121-Pos225
121,225,Pos121_P-Pos225_I,0.021566401816118047,0.024431786704047227,Pos121-Pos225
121,225,Pos121_P-Pos225_T,0.009080590238365494,0.006881304265481001,Pos121-Pos225
121,225,Pos121_P-Pos225_L,0.02043132803632236,0.018623713379054087,Pos121-Pos225
121,225,Pos121_P-Pos225_E,0.0011350737797956867,0.00018939369538021106,Pos121-Pos225
121,225,Pos121_P-Pos225_Q,0.0,0.00018939369538021106,Pos121-Pos225
121,225,Pos121_P-Pos225_*,0.0,0.0003787873907604221,Pos121-Pos225
121,225,Pos121_L-Pos225_S,0.0,9.01874739905767e-06,Pos121-Pos225
121,225,Pos121_L-Pos225_I,0.0011350737797956867,0.0004986078919193311,Pos121-Pos225
121,225,Pos121_L-Pos225_T,0.0,0.0001404347809281837,Pos121-Pos225
121,225,Pos121_L-Pos225_L,0.0,0.0003800757832460018,Pos121-Pos225
121,225,Pos121_L-Pos225_E,0.0,3.865177456739001e-06,Pos121-Pos225
121,225,Pos121_L-Pos225_Q,0.0,3.865177456739001e-06,Pos121-Pos225
121,225,Pos121_L-Pos225_*,0.0,7.730354913478002e-06,Pos121-Pos225
121,225,Pos121_Y-Pos225_S,0.0,9.01874739905767e-06,Pos121-Pos225
121,225,Pos121_Y-Pos225_I,0.0011350737797956867,0.0004986078919193311,Pos121-Pos225
121,225,Pos121_Y-Pos225_T,0.0,0.0001404347809281837,Pos121-Pos225
121,225,Pos121_Y-Pos225_L,0.0,0.0003800757832460018,Pos121-Pos225
121,225,Pos121_Y-Pos225_E,0.0,3.865177456739001e-06,Pos121-Pos225
121,225,Pos121_Y-Pos225_Q,0.0,3.865177456739001e-06,Pos121-Pos225
121,225,Pos121_Y-Pos225_*,0.0,7.730354913478002e-06,Pos121-Pos225
121,225,Pos121_A-Pos225_S,0.0,9.01874739905767e-06,Pos121-Pos225
121,225,Pos121_A-Pos225_I,0.0011350737797956867,0.0004986078919193311,Pos121-Pos225
121,225,Pos121_A-Pos225_T,0.0,0.0001404347809281837,Pos121-Pos225
121,225,Pos121_A-Pos225_L,0.0,0.0003800757832460018,Pos121-Pos225
121,225,Pos121_A-Pos225_E,0.0,3.865177456739001e-06,Pos121-Pos225
121,225,Pos121_A-Pos225_Q,0.0,3.865177456739001e-06,Pos121-Pos225
121,225,Pos121_A-Pos225_*,0.0,7.730354913478002e-06,Pos121-Pos225
162,198,Pos162_N-Pos198_T,0.0,6.184283930782401e-05,Pos162-Pos198
162,198,Pos162_N-Pos198_*,0.0,9.01874739905767e-06,Pos162-Pos198
162,198,Pos162_N-Pos198_L,0.0,1.288392485579667e-06,Pos162-Pos198
162,198,Pos162_I-Pos198_T,0.014755959137343927,0.004576370108778977,Pos162-Pos198
162,198,Pos162_I-Pos198_*,0.0,0.0006673873075302675,Pos162-Pos198
162,198,Pos162_I-Pos198_L,0.0,9.534104393289536e-05,Pos162-Pos198
162,199,Pos162_N-Pos199_D,0.0,6.184283930782401e-05,Pos162-Pos199
162,199,Pos162_N-Pos199_S,0.0,1.288392485579667e-06,Pos162-Pos199
162,199,Pos162_I-Pos199_D,0.014755959137343927,0.004576370108778977,Pos162-Pos199
162,199,Pos162_I-Pos199_S,0.0,9.534104393289536e-05,Pos162-Pos199
162,220,Pos162_N-Pos220_V,0.0,0.00017135620058209572,Pos162-Pos220
162,220,Pos162_N-Pos220_S,0.0,2.576784971159334e-06,Pos162-Pos220
162,220,Pos162_N-Pos220_I,0.0,1.288392485579667e-06,Pos162-Pos220
162,220,Pos162_N-Pos220_C,0.0,1.288392485579667e-06,Pos162-Pos220
162,220,Pos162_I-Pos220_V,0.018161180476730987,0.012680358843075083,Pos162-Pos220
162,220,Pos162_I-Pos220_S,0.0,0.00019068208786579072,Pos162-Pos220
162,220,Pos162_I-Pos220_I,0.0,9.534104393289536e-05,Pos162-Pos220
162,220,Pos162_I-Pos220_C,0.0,9.534104393289536e-05,Pos162-Pos220
162,225,Pos162_N-Pos225_S,0.0011350737797956867,9.01874739905767e-06,Pos162-Pos225
162,225,Pos162_N-Pos225_I,0.0,0.0004986078919193311,Pos162-Pos225
162,225,Pos162_N-Pos225_T,0.0,0.0001404347809281837,Pos162-Pos225
162,225,Pos162_N-Pos225_L,0.0,0.0003800757832460018,Pos162-Pos225
162,225,Pos162_N-Pos225_E,0.0,3.865177456739001e-06,Pos162-Pos225
162,225,Pos162_N-Pos225_Q,0.0,3.865177456739001e-06,Pos162-Pos225
162,225,Pos162_N-Pos225_*,0.0,7.730354913478002e-06,Pos162-Pos225
162,225,Pos162_I-Pos225_S,0.0011350737797956867,0.0006673873075302675,Pos162-Pos225
162,225,Pos162_I-Pos225_I,0.022701475595913734,0.03689698400203051,Pos162-Pos225
162,225,Pos162_I-Pos225_T,0.02043132803632236,0.010392173788685594,Pos162-Pos225
162,225,Pos162_I-Pos225_L,0.024971623155505107,0.028125607960204135,Pos162-Pos225
162,225,Pos162_I-Pos225_E,0.0022701475595913734,0.00028602313179868606,Pos162-Pos225
162,225,Pos162_I-Pos225_Q,0.0,0.00028602313179868606,Pos162-Pos225
162,225,Pos162_I-Pos225_*,0.0,0.0005720462635973721,Pos162-Pos225
198,199,Pos198_T-Pos199_D,0.0510783200908059,0.002968456286775553,Pos198-Pos199
198,199,Pos198_T-Pos199_S,0.0,6.184283930782401e-05,Pos198-Pos199
198,199,Pos198_*-Pos199_D,0.0,0.00043289987515476814,Pos198-Pos199
198,199,Pos198_*-Pos199_S,0.0,9.01874739905767e-06,Pos198-Pos199
198,199,Pos198_L-Pos199_D,0.0,6.184283930782401e-05,Pos198-Pos199
198,199,Pos198_L-Pos199_S,0.0,1.288392485579667e-06,Pos198-Pos199
198,220,Pos198_T-Pos220_V,0.004540295119182747,0.008225097627940594,Pos198-Pos220
198,220,Pos198_T-Pos220_S,0.0,0.00012368567861564803,Pos198-Pos220
198,220,Pos198_T-Pos220_I,0.0,6.184283930782401e-05,Pos198-Pos220
198,220,Pos198_T-Pos220_C,0.0,6.184283930782401e-05,Pos198-Pos220
198,220,Pos198_*-Pos220_V,0.0,0.00119949340407467,Pos198-Pos220
198,220,Pos198_*-Pos220_S,0.0,1.803749479811534e-05,Pos198-Pos220
198,220,Pos198_*-Pos220_I,0.0,9.01874739905767e-06,Pos198-Pos220
198,220,Pos198_*-Pos220_C,0.0,9.01874739905767e-06,Pos198-Pos220
198,220,Pos198_L-Pos220_V,0.0,0.00017135620058209572,Pos198-Pos220
198,220,Pos198_L-Pos220_S,0.0,2.576784971159334e-06,Pos198-Pos220
198,220,Pos198_L-Pos220_I,0.0,1.288392485579667e-06,Pos198-Pos220
198,220,Pos198_L-Pos220_C,0.0,1.288392485579667e-06,Pos198-Pos220
198,225,Pos198_T-Pos225_S,0.0011350737797956867,0.00043289987515476814,Pos198-Pos225
198,225,Pos198_T-Pos225_I,0.021566401816118047,0.023933178812127896,Pos198-Pos225
198,225,Pos198_T-Pos225_T,0.0056753688989784334,0.006740869484552818,Pos198-Pos225
198,225,Pos198_T-Pos225_L,0.004540295119182747,0.018243637595808087,Pos198-Pos225
198,225,Pos198_T-Pos225_E,0.0022701475595913734,0.00018552851792347206,Pos198-Pos225
198,225,Pos198_T-Pos225_Q,0.0,0.00018552851792347206,Pos198-Pos225
198,225,Pos198_T-Pos225_*,0.0011350737797956867,0.0003710570358469441,Pos198-Pos225
198,225,Pos198_*-Pos225_S,0.0,6.313123179340369e-05,Pos198-Pos225
198,225,Pos198_*-Pos225_I,0.0022701475595913734,0.003490255243435318,Pos198-Pos225
198,225,Pos198_*-Pos225_T,0.0,0.000983043466497286,Pos198-Pos225
198,225,Pos198_*-Pos225_L,0.0056753688989784334,0.0026605304827220125,Pos198-Pos225
198,225,Pos198_*-Pos225_E,0.0,2.705624219717301e-05,Pos198-Pos225
198,225,Pos198_*-Pos225_Q,0.0,2.705624219717301e-05,Pos198-Pos225
198,225,Pos198_*-Pos225_*,0.0,5.411248439434602e-05,Pos198-Pos225
198,225,Pos198_L-Pos225_S,0.0,9.01874739905767e-06,Pos198-Pos225
198,225,Pos198_L-Pos225_I,0.0,0.0004986078919193311,Pos198-Pos225
198,225,Pos198_L-Pos225_T,0.0,0.0001404347809281837,Pos198-Pos225
198,225,Pos198_L-Pos225_L,0.0011350737797956867,0.0003800757832460018,Pos198-Pos225
198,225,Pos198_L-Pos225_E,0.0,3.865177456739001e-06,Pos198-Pos225
198,225,Pos198_L-Pos225_Q,0.0,3.865177456739001e-06,Pos198-Pos225
198,225,Pos198_L-Pos225_*,0.0,7.730354913478002e-06,Pos198-Pos225
199,220,Pos199_D-Pos220_V,0.0056753688989784334,0.008225097627940594,Pos199-Pos220
199,220,Pos199_D-Pos220_S,0.0,0.00012368567861564803,Pos199-Pos220
199,220,Pos199_D-Pos220_I,0.0,6.184283930782401e-05,Pos199-Pos220
199,220,Pos199_D-Pos220_C,0.0,6.184283930782401e-05,Pos199-Pos220
199,220,Pos199_S-Pos220_V,0.0,0.00017135620058209572,Pos199-Pos220
199,220,Pos199_S-Pos220_S,0.0,2.576784971159334e-06,Pos199-Pos220
199,220,Pos199_S-Pos220_I,0.0,1.288392485579667e-06,Pos199-Pos220
199,220,Pos199_S-Pos220_C,0.0,1.288392485579667e-06,Pos199-Pos220
199,225,Pos199_D-Pos225_S,0.0011350737797956867,0.00043289987515476814,Pos199-Pos225
199,225,Pos199_D-Pos225_I,0.021566401816118047,0.023933178812127896,Pos199-Pos225
199,225,Pos199_D-Pos225_T,0.00681044267877412,0.006740869484552818,Pos199-Pos225
199,225,Pos199_D-Pos225_L,0.00340522133938706,0.018243637595808087,Pos199-Pos225
199,225,Pos199_D-Pos225_E,0.0022701475595913734,0.00018552851792347206,Pos199-Pos225
199,225,Pos199_D-Pos225_Q,0.0,0.00018552851792347206,Pos199-Pos225
199,225,Pos199_D-Pos225_*,0.0011350737797956867,0.0003710570358469441,Pos199-Pos225
199,225,Pos199_S-Pos225_S,0.0,9.01874739905767e-06,Pos199-Pos225
199,225,Pos199_S-Pos225_I,0.0011350737797956867,0.0004986078919193311,Pos199-Pos225
199,225,Pos199_S-Pos225_T,0.0,0.0001404347809281837,Pos199-Pos225
199,225,Pos199_S-Pos225_L,0.0,0.0003800757832460018,Pos199-Pos225
199,225,Pos199_S-Pos225_E,0.0,3.865177456739001e-06,Pos199-Pos225
199,225,Pos199_S-Pos225_Q,0.0,3.865177456739001e-06,Pos199-Pos225
199,225,Pos199_S-Pos225_*,0.0,7.730354913478002e-06,Pos199-Pos225
220,225,Pos220_V-Pos225_S,0.0011350737797956867,0.00119949340407467,Pos220-Pos225
220,225,Pos220_V-Pos225_I,0.09648127128263337,0.06631484962527105,Pos220-Pos225
220,225,Pos220_V-Pos225_T,0.039727582292849034,0.018677825863448433,Pos220-Pos225
220,225,Pos220_V-Pos225_L,0.01021566401816118,0.05055007917171824,Pos220-Pos225
220,225,Pos220_V-Pos225_E,0.0,0.0005140686017462871,Pos220-Pos225
220,225,Pos220_V-Pos225_Q,0.0,0.0005140686017462871,Pos220-Pos225
220,225,Pos220_V-Pos225_*,0.0,0.0010281372034925743,Pos220-Pos225
220,225,Pos220_S-Pos225_S,0.0,1.803749479811534e-05,Pos220-Pos225
220,225,Pos220_S-Pos225_I,0.0011350737797956867,0.0009972157838386622,Pos220-Pos225
220,225,Pos220_S-Pos225_T,0.0,0.0002808695618563674,Pos220-Pos225
220,225,Pos220_S-Pos225_L,0.0011350737797956867,0.0007601515664920036,Pos220-Pos225
220,225,Pos220_S-Pos225_E,0.0,7.730354913478002e-06,Pos220-Pos225
220,225,Pos220_S-Pos225_Q,0.0,7.730354913478002e-06,Pos220-Pos225
220,225,Pos220_S-Pos225_*,0.0,1.5460709826956004e-05,Pos220-Pos225
220,225,Pos220_I-Pos225_S,0.0,9.01874739905767e-06,Pos220-Pos225
220,225,Pos220_I-Pos225_I,0.0,0.0004986078919193311,Pos220-Pos225
220,225,Pos220_I-Pos225_T,0.0011350737797956867,0.0001404347809281837,Pos220-Pos225
220,225,Pos220_I-Pos225_L,0.0,0.0003800757832460018,Pos220-Pos225
220,225,Pos220_I-Pos225_E,0.0,3.865177456739001e-06,Pos220-Pos225
220,225,Pos220_I-Pos225_Q,0.0,3.865177456739001e-06,Pos220-Pos225
220,225,Pos220_I-Pos225_*,0.0,7.730354913478002e-06,Pos220-Pos225
220,225,Pos220_C-Pos225_S,0.0,9.01874739905767e-06,Pos220-Pos225
220,225,Pos220_C-Pos225_I,0.0,0.0004986078919193311,Pos220-Pos225
220,225,Pos220_C-Pos225_T,0.0,0.0001404347809281837,Pos220-Pos225
220,225,Pos220_C-Pos225_L,0.0,0.0003800757832460018,Pos220-Pos225
220,225,Pos220_C-Pos225_E,0.0,3.865177456739001e-06,Pos220-Pos225
220,225,Pos220_C-Pos225_Q,0.0,3.865177456739001e-06,Pos220-Pos225
220,225,Pos220_C-Pos225_*,0.0,7.730354913478002e-06,Pos220-Pos225
