Mutation_Set,Count
No_mutations,13
K225I,79
K225L,46
K225T,14
G220V; K225I,14
G220V; K225T,8
S6T; S32A; K225I,8
S198T; I199D; K225I,7
D121P; K225L,6
S6T; K225I,5
S6T; K225L,5
S162I; K225L,5
S6T; G220V; K225I,4
S6T; S32A; K225L,4
H56L; K225I,4
S6T; S32A,3
S162I; K225I,3
K225I; D326Y,3
S6T; S32A; H56L; K225L,3
K225L; S314N; I316N,3
K225I; Q344N,3
E154G; K225L,2
S32A,2
K225I; E305D,2
S6T; S32A; H56L; K225I,2
S6T; S32A; G220V; K225I,2
S6T; S32A; H56L; H216N; K225I,2
K225L; N365D,2
D117Y; K225L,2
K225I; E349*,2
D121P; K225I,2
S198T; I199D; G220V; K225I,2
S6T; K225T,2
K62N; K225I; G308C,2
H56L; K225L,2
T88Q; D121P; K225I,2
Q204K; G220V; K225I,2
N72H; P146Q; S162N; K225S,1
L107M; P173Q; K225I; S367Y,1
L104F; A131S,1
S32A; H56L; P58T; K225T; I232T; L309M,1
K225L; R244H; P298S,1
S6T; L61M; S162I; S163F; S198T; I199D; K225L,1
P71T; Q75T; S76T; T88Q; R93S; E105K; D121P; S162I; G220V; K225I; Y355C,1
D117Y; K225S; C231R,1
H56L; K225L; C231R; P294T,1
F91L; P206Q; K225L; P294T,1
S6T; S32A; H56L; L74M; V87M,1
N164S; G220V; K225I,1
D15Y; S162I; S163F; S198T; I199D; K225E; P239Q,1
G220V; K225T; L309M,1
H56L; I199D; K225I,1
P12Q; K225T,1
G220V; K225T; E336*; G353C,1
S6T; S32A; L98P; K225I; E250D,1
Q75T; S76T; F83L; T88Q; D121P; K225L; R394S,1
K225L; D270Y; R402H,1
S66Y; K225I; G401C,1
D11Y; A131V; P155L; D270Y; E349*,1
K62Q; K225T,1
G179D; K225L; P298Q,1
P2L; K225S; C231R,1
S191L; K225L; F334L,1
S6T; S32A; H56L; Q75T; S76T; N116Y; K225L; Q304K; A313E,1
H56N; Y171N; F194L,1
D11Y; R16H; G220V; K225L,1
P71T,1
G179C; K225L; D278Y; G353C,1
S6T; P57T; Q204K; K225Q; P398Q,1
S198T; I199D; K225I; F358L; L391M,1
K225T; C231S; K381N,1
Q27K; L107M; K225I,1
S66Y; G101S; A224T; K225I,1
S6T; S32A; K225L; S314Y; I316N; Q344N,1
I149F; S198T; I199D,1
R16S; L114M; P188Q; Q344N,1
G220V; K225I; K342E,1
S6T; S32A; Q75H; K225L,1
E44*; G127V; E154*; K225L,1
K225L; S292C; Q387H,1
D156Y; S162I; S198T; I199D; D270Y,1
Q75T; S76T; T88Q; G220V; K225I,1
P12Q; Q123K; S140N; K225L,1
K225L; L253F,1
P2H; S60I; K225S,1
S6T; S32A; K225L; D259N; P298Q,1
W40*; S162I; K225L,1
R45C; D81Y; H125N; S198T; I199D,1
P2H; S6T; P146Q; H176N; K225L,1
Y113*; K225L; V405F,1
S6T; S32A; S162I,1
T88K; K225I; S314N; I316N,1
S130C; K225L,1
G220V; K225T; P294T; L309M; F358L,1
E105*; D128Y; K225I,1
K109R; H142Q; K225I,1
K225I; E305*,1
K225I; E250*; G353C,1
S6T; S32A; D65Y; S162I; N164S; K225S; S292N; E349*,1
K225L; G246C; E373D,1
G220V,1
K225I; Q267K; D278Y,1
G101S; K225I,1
S6T; S32A; S198*; K225L,1
S162I; N164S; G220V; K225T; Q344N,1
G127V; S162I; S198T; I199D,1
G49C; K225I,1
P52Q; I102L; K225T,1
N164S; K225L,1
Q75T; S76T; T88Q; K225I; G256*,1
D65Y; S198T; I199D; L360F,1
S198T; I199D; K225I; D366Y,1
G220V; K225S; E373V,1
S6T; D77Y; D121P; K225T,1
S6T; S32A; G101C; K225L; G353C,1
S6*; K225I; R410S,1
K225I; Q304K; S314N; I316N; Q344N,1
K225L; C347F,1
I165N; K225I,1
K225L; D259Y; V319L,1
D11Y; K225L; L331M; L404M,1
G49S; G220V; K225I; I249V,1
E213*; G220V; K225I,1
S76I; S198*; K225L; S333*; A389E,1
G101S; D196E; P206T; K225I,1
P57T; H176N; K225T,1
E154G; N164Y; K225I; P239T,1
S32R; K62N; T88Q; D121P; G177S,1
H56L; D205Y; K225L; Q354K,1
D196Y; G220V; K225T; L253F; G403V,1
D121P; I134V; K225L; R410H,1
S162I; N164S; K225T; G401C,1
L19M; P57H; S99*; G220V; K225T,1
G115C; D121P; G220V; K225I; P298Q,1
D11Y; S198T; I199D; K225L; C231R,1
S6T; S32A; H56L; H125Y,1
S32A; K225T; K300N,1
S162I; G220V; K225T; E251*; S367Y,1
K225L; E250*,1
K225I; D301Y,1
K225Q; Q236*,1
S6T; S180Y; K225L,1
D121P; K225I; D326Y,1
Q27H; F83L; K225T,1
D70Y; K85N; E154*; K225L,1
Q75K; L114M; K225I; F252C,1
F91L; K225L,1
S32A; S187Y; K225L; I327V; Q344N; C347*; N365D; S372T; E373Q,1
S99T; K225L,1
K225T; C231S; F252L,1
S66Y; A129E; Q237K,1
D15Y; K225I; E250*; G401V,1
K225I; F252V; D366Y; G403C,1
T51S; K225L; D278Y; I409V,1
H56R; F192L; K225I; V265A,1
S6T; D121P; S162I; K225L; I233V,1
S6T; S32A; L98P; K225I; S314N; I316N,1
P120S; D121P; S162I; S163F; K225I,1
D11Y; S162I; K225I,1
S6T; E159*; K225I,1
S6T; S32A; S162I; S163F; S198T; I199D,1
K225I; Q267K,1
Q123K; K225T,1
S6T; S32A; H56L; G220V; K225T; T230P,1
S6T; S32A; H56L; G220V; K225I; F343L,1
F55L; R82S; E154G; G220V; K225T,1
E154G; E159*; S162I; S163F; K225L; V319A,1
G220V; K225I; C231S; G257C; S314N; I316N; Q344N,1
S32A; S162I; N164S; K225I; G315C,1
E159*; K225I,1
S60G; K225L,1
S174I; K225T,1
S6T; S198T; I199D; A207T,1
S163F; G256V; D301Y,1
S162I; H176Q; G220V; K225T; S314Y,1
G100C; E105*; N138D; K225*,1
D11Y; K225I,1
S162I; N164S; G220V; R244C; D325Y,1
K225*,1
Q204H; K225L; G257C,1
P120T; K225I,1
Q27K; D121P; K225L,1
P57H; K225L; R402S,1
D196Y; K225L; Q387H,1
S162I; N164S; N197H; D278Y,1
S6T; S32A; K225I; G353S; Y355C,1
S6T; S32A; K225T,1
K225L; D366T; S367L; I368S; Y369T; N370I; I371L; S372A; E373R; G374V; Y375I; N376T; I377S; N378T; N379T; L380*; K381R; V382*; N383T; F384L; R385E; G386V; Q387R; N388M; A389Q; N390I; L391*; N392T; P393R; R394V; I395L; I396S; K397N; P398R; I399L; T400P; G401V; R402V; G403A; L404W; V405L; K407R; I408S; I409F; R410V,1
A110S; D270Y; K288*,1
K225I; S333*,1
S32A; K225I; Q295K,1
S162I; K225T,1
S6T; L167M; K225I,1
S6T; S32A; H56L; S76R; K225I,1
K225I; G401C,1
M1I; S32A; G220V; K225I,1
S6T; S32A; D70Y; V148I; L208M; G220V; K225I,1
K225I; Y375H,1
K225T; D270Y,1
E154*; E159*; K225L,1
I199S; K225I,1
S6T; K225L; K300N,1
K225L; D310Y,1
S162I; K225L; F337L,1
D259Y,1
S180Y; K225I; L380F,1
K225T; C231R; F343L,1
K225L; Q295K; D301A; D325Y,1
G220V; K225I; F337L,1
G115C; K225L; P393T,1
N63D; K225L,1
P23Q; K225I; I282L; Q344H,1
E201*; K225I; D278Y,1
H56L; D121P; K225T; K329*,1
E154G; S162I; K225T; C231R,1
S32A; D121P; D128Y; D205Y; D338Y,1
G152C; D156Y; D326Y,1
G139C; R168C; K225I; N248S,1
K225I; L253F,1
S6T; S32A; F55L; A182V; K225L; S314N; I316N,1
K85N; K225L,1
A182E; K225L,1
S6T; S32A; K225I; S314Y; I316N,1
S198*; K225L; Q235K,1
S32A; H56L; G220V; A224V; K225I; L276I,1
S6T; T88Q; S162I; K225I,1
G220V; K225T; D312Y; L404M,1
K225I; D366Y,1
E189*; K225L,1
S6T; S32A; K225I; P298T; Q354R,1
L103M; G220V; K225I,1
Q27R; K62R; K225L,1
D70Y; L107M; S162I; G220V; K225I,1
H56L; E78*; D121P; K225T; Q344N,1
K225I; D259Y,1
D156E; K225L; Q290H; E305D; D338Y; K406*,1
S6T; K225I; S314N; I316N,1
D121P; M151I; G152C; S198T; I199D; K225I; G246C; F337L,1
S6T; P43T; L167M; S198T; I199D; K225T; C231R,1
E106*; K225L,1
H56L; Q75T; S76T,1
G64C; N95Y; L114P; D128Y; K225I; R244C; D270Y; D310Y; K329N,1
F194L; K225L,1
S66Y; S162I; K225L,1
K225L; F358L,1
K225T; V265A,1
E201*; G223C; K225L,1
K225L; Q344N; V345F,1
S6T; D15Y; S32A; W40C; G152C; K225I,1
E250*; Q354R,1
S6T; S32A; K225L; D259Y; G315C,1
K225I; D326Y; N365D,1
D121L; K225I; L296P; Q344N; N365D,1
K225I; Q387K,1
G220V; K225I; N365D,1
S6T; G223C; K225L,1
W40C; E154G; N161K; K225L,1
S6T; K225L; E336*; D366Y,1
K225I; S314N; I316N,1
Q75T; S76T; D121P; K225I,1
D11Y; G220V; K225I,1
S66Y; S180Y; K225I; F337L; F343L; I368N,1
S162I; I199D; G220V; K225I; R348S; K407N; I408K; R410E; F411E,1
S6T; S32A; L214M; G220V; K225I; Q235K; F255L,1
S6T; P23Q; K225I,1
S6T; S32A; P43Q; K225I; Q344K,1
S162I; N164S; G220V; K225L,1
G139C; G220V; K225L,1
G220V; K225T; K288N; S314N; I316N; Q344N,1
K225I; S314N; I316N; D325Y; Q344N,1
D15Y; E79*; D121Y; A153S; G220S; K225I,1
D11Y; S99*; K225L; L260M,1
D121P; G220I; K225T; E251Q; G308C; G315C,1
S6T; S162I; K225I; K381N,1
S6T; S32A; E154G; K225L,1
S6T; S32A; P58Q; L167Q; K225L; F358L,1
K225I; R410S,1
Q75T; S76T; K225L; P298L; A389T,1
K225I; Q344H,1
K225I; G353V; Q354R,1
L19M; K225L; P294Q,1
S6T; H176N; L210M,1
K225I; G308V,1
T88Q; K225T,1
K225T; D338Y; P398T,1
S6T; F33L; L84M; G220V; K225I,1
L19M; K225L; S314N; I316N,1
R16H; S162I; K225I,1
S6T; S163Y; G220V; K225I,1
S162I; K225L; L253F,1
S162I; A182T; S198T; I199D; K225I; Q344N; N365D,1
W40C; D205Y; K225I; S333*,1
P52T; G101S; F194L; K225L,1
Q27K; W40R; Y69N; K225L,1
K225T; F334L; Q344N; N365D,1
S6T; S32A; T88Q; K225L,1
S6T; S32A; Q75T; S76T; K225T; C231R,1
S6T; S32A; G179C; K225I; S367Y; P393Q,1
Q27*; M36I; S162I; S163F; G220V; K225T,1
S6T; S32A; G101C; K225L; D338Y; G374C,1
R45G; K225L,1
W40R; S198T; I199D; K225I,1
S76C; K225L; D259Y,1
S162I; K225I; Y299F; S314N; I316N; E336*; Q344N,1
S6T; G101S; K225I; S361Y,1
K225L; Q344N; C347F,1
K37N; G220V; K225I,1
K225L; G226C; N274K; K407N; I408K; R410E; F411E,1
S6T; P188Q; S217R; K225L,1
S314N; I316N; Q344N,1
G220V; K225L; D270Y; F358L,1
S198T; K225I,1
H125Q; K225T,1
Y20N; S198T; I199D; G220V; K225T; C231R,1
K225I; C231R; S292N; S333*; R402S,1
E189*; G220V; K225I; D278Y,1
K225I; D278Y; G403C,1
K225L; D338Y,1
S6T; F91L; K225L,1
K89Q; K225I; C231R; S292N; G386C,1
G25C; G179C,1
S6T; I39V; D121P; K225L; P298Q,1
N97H; G220V; K225I,1
K225I; D338Y,1
S6T; S32A; G220V; K225T,1
P120T; Q204K; K225L,1
P23T; H56L; Q75T; S76T; T88Q; H142Q; G223C; K225L,1
E189*; K225I,1
S191*; K225L; P398S,1
E133*; E201*; H216N; K225L; I241T; V405F,1
S6T; S32A; G220V; K225I; T254N,1
R82S; K225L; Q344N,1
K225I; C231R; E250D,1
K225I; E251*; K300N,1
S32A; P43T; H56L; G220V; K225I,1
G101S; K225I; Q235H; E251*; P398Q; R410S,1
P2H; F55L; P57H; K225I; Q344N,1
F158V; S162I; D196Y; S198T; I199D; V265D; A266E; Y268W; N269E; D270Q; Y272R; T273S; N277K; D278K; R280E; K281E; S284K; L363F; I396K; K397P; P398I; I399T; T400G; G401R; R402G; G403L; L404V; V405K; K407I; I409R; R410F; F411*,1
D121P; S162I; S163F; K225L; S314N; I316N,1
S6T; K225I; D325N,1
H56L; Q75T; S76T; K225L; A389V,1
K3*; G220V; K225I; C231R; S292N,1
M36I; Q141K; K225I,1
K37N; S130Y; S162I; G220V; K225T; Q344N,1
G220V; K225I; D278Y,1
S163F,1
P12Q; L103M; D121P; K225I,1
H56L; D81A; K225T; P398Q,1
K225L; D259Y; D278V,1
S6T,1
N169I; D196Y; K225I; A266E,1
S6T; Q27K; S32A; K225I; K306R,1
K225L; E305D,1
S6T; K225L; R402S,1
Q75T; S76T; E154G; K225I; Q344N,1
K225T; G374C; L380F,1
R82S; Q123K; K225L; S314N; I316N,1
T88Q; D121P; G220V; K225L; L253F,1
Q123H; G220V; K225I,1
K225T; S314N; I316N,1
S6T; E154G; K225I,1
D81Y; D196Y; K225L; Q290H,1
D338Y; E349K,1
G220V; K225I; L253F; E305Y,1
F91L; E133*; S198*; K225I; C231R; S292N; L309M,1
K225T; D338Y; D366Y; E373*,1
G152S; P173Q; S191*; G220V; K225I; C231S; F252L,1
L19M; S191*; K225I; C231R; S292N,1
K225I; Q344K,1
S32A; S162I; S163F; K225L; V319L; I409V,1
G220V; K225I; A266S,1
E159*; Q204H; K225L,1
A110V; K225L,1
Q27K; P71T; K225L; V265I; Q354K,1
M1I; K225T,1
G220V; K225I; D301Y; D366Y,1
K225I; C231R; S292N,1
K225L; Q387K,1
S32A; K225L,1
K225L; S367Y,1
R93H; D121P; S163F; G220V; K225I; Q290H,1
S32A; K225I; R348S,1
S6T; S32A; S99*; G101S; A207E; K225L,1
S6T; G101S; K225L; K407N; I408K; R410E; F411E,1
S6*; S217R; K225L; P298T,1
K225L; F252L,1
S6T; S32A; P120T; E154G; K225L,1
D128Y; K225L,1
K225I; E373*,1
D121A; G220V; K225I; D325Y,1
S6T; N8Y; S32A; H56L; Q75T; S76T; T88Q; G220V; K225I; D278E,1
N122K; K225L,1
S162I; S163F,1
M1T; H56L; K225L,1
D15Y; D121P; S162I; S198T; I199D; K225E; V265D,1
S6T; H56Q,1
S6T; E154K; K225L,1
G220V; K225T; E250D; N365D,1
I352V,1
K225I; Q344N; N365D,1
S6T; S32A; L84M; K225L,1
S6T; K225*,1
K225L; S372T; E373Q; Y375F,1
G101S; A182E; S198*; K225I,1
S198T; K225I; S314N; I316N; Q344N,1
P12Q,1
E44*; E154*; K225L,1
K225L; L380F,1
S6T; D11Y; S32A; G223C; K225L,1
S32A; K225L; D259Y,1
I183T; K225*; D259N,1
V132A; G220V; K225I,1
S198T; I199D; K225L; Q344N; N365D,1
R16S; R193S; K225I; P294Q; L309M; F334L,1
S6T; S32A; S140I; K225L,1
D121P; S162I; S163F; S198T; I199D,1
S6T; S32A; K225I; Q344N,1
S6T; N365D,1
K225I; D310G; Y355H; D366Y,1
K225I; I247V; G353V; K407N,1
P43Q; P71T; K225T,1
H56L; K225L; F358L; R410H,1
S66Y; P71T; G220V; K225I,1
P71Q; I199D; K225T,1
P71T; K225L,1
S162I; N164S; S198T; E213*; K225L; L404P,1
K225L; G386C,1
S6T; S32A; H56L; K225L; Q387K,1
S6T; P23T; H125Q; K225I,1
S6T; S32A; G179C,1
G115C; E213*; K225L; D278Y,1
E79*; G101S; G220V; K225I; Q344N,1
A207S; E213*; K225I; G315C,1
S198L; K225L; L391M; P393Q,1
F192L; G220V; K225I,1
S32A; G220V; Q344N,1
R16S; S162I; N164S; K225I,1
S67I; E189*; K225I; C231R; S292N,1
S32A; T88Q; K225I,1
G220V; K225T; R402S,1
E79*; D121P; K225I,1
S6T; S32A; S198T; I199D; G220V; K225I; D338Y,1
P2H; S6T; S32A; P120T; K225L; P398Q,1
D121P; G220V; K225L,1
S6T; L210M; G220V; K225I; Q354K,1
P173Q; K225L,1
L61M; K225L,1
S314N; I316N; F337L; Q344N,1
G220V; K225T; C231S; E251*,1
P71T; S162I; K225T; C231R,1
H56L; S76R; K225I,1
H56L; K225T; E349*,1
L103M; K225I; R410S,1
G223C; D259Y,1
E154G; S162I; K225T,1
W40C; P146Q; K225L,1
P112Q; F202L; G220V; K225I; R402H,1
S32A; W40L; K225L,1
S314N; I316N,1
A131D; K225L,1
P112Q; S191*; K225T; C231S,1
S6T; S32A; P43Q; F55L; K225I; S314T; I316N,1
S66Y; K225I,1
K225L; S284N,1
N376Y,1
K225L; F343L; R348S; R402S,1
S32A; G177C; H216N; K225I,1
S367Y,1
K225I; L380F,1
T88P; K225L,1
D196Y; K225I; R348S,1
H212Q; K225I,1
S162I; N164S; G220V; K225I,1
K225I; N243D; E336*,1
K225E,1
K225L; Q344K,1
K225L; D312Y; G353C,1
S32A; S174C; D196Y; K225L,1
K37N; L208M; K225L,1
S162I; G220V; K225I,1
G179C,1
K225I; E305*; G315C,1
S6T; S32A; H56Q; N195K; S198T; I199D; K225S; C231R,1
S6T; D11Y; S32A; I165N; K225I; I263F,1
P23T; F55L; K225L,1
K225L; N376D,1
G220V; K225I; E251*; S314F; F358L; Q387K,1
L144S; K225L,1
D11Y; D70Y; H125N; H142N; K225L,1
S162I; K225I; D366Y,1
S6T; H56L; K225T; G353S; S372R,1
S162I; S163F; S198T; I199D; K225T,1
K225L; D259Y; K288N,1
S6T; E28*; K225I,1
K225T; I263S; D366Y,1
S6T; D15Y; M36I; K225I,1
S180Y; F192L; A224E; K225L,1
D196Y; K225I; V319L; C347F; E373*; I409V,1
E78K; K225I,1
M36I; K225L,1
Q123K; S198T; I199D; K225T,1
K225L; R402S,1
V132I; K225I,1
D121P; K225L; D325Y,1
S198T; I199D; S361Y; R410S,1
G220V; K225I; A313S,1
S6T; S32A; S180Y; G220V; K225T,1
S6T; S32A; S162I; K225T; S314N; I316N; Q344K,1
P43L; R93L; K225I,1
S6T; P57H; S162I; K225L; N365D,1
D310Y,1
Q344N,1
S6T; L84M; K225L,1
K225L; L253F; P398Q,1
P71Q; K225T,1
S32A; E154G; K225L,1
S162I; K225L; D338Y,1
S6T; S162I; K225I,1
S162I,1
S6T; S32A; H56N; K225T; N365D,1
R93S; S191*; K225L; R280S; R402S,1
S32R; K225L; F343L; P393T,1
K225I; S314F,1
T88Q; D121P; S162I; S163F; K225L; K288N,1
S6T; D70Y; G308C; Q344N,1
S6T; S32A; H56L; D338Y; R410S,1
K225L; L309M; R402S,1
K225I; F252L,1
S6T; S32A; H56L; D65Y; G115D; D121P; H176N; I183T; K225T; S372R,1
G127C; K225L,1
S6T; S32A; H56L; S191*; K225L,1
L74M; K225L,1
E28*; S108R; S198T; I199D; K225I,1
S6T; E28K; D70Y; K225I,1
H125N; K225L,1
S6T; G49C; K225I,1
K225T; C231R,1
D121P; K225I; D301Y; E349*,1
P155Q,1
S6T; S166Y; K225L; F334L,1
G101S; K225L,1
D128Y; A129S; M151I; G177C; K225T; D326Y; E349*,1
K225I; D301Y; D338Y,1
P52T; E154G; S187P; G220V; K225I,1
K225L; D338Y; G401C,1
L61M; R168S; K225L; Q235K,1
S6T; D121P; K225I,1
L214M; K225L,1
K225L; R280S; P294Q; Q304K,1
S6T; E154G; K225T; L404M; R410H,1
R93C; D117Y; V132I; K225L,1
H125N; F192L; S198T; I199D; P298Q; S314N; I316N,1
D121P; S217I; K225I,1
D77Y; E159*; K225L; N370S,1
S6T; S32A; S198T; I199D; Q354R,1
K225I; S314N; I316N; N320D,1
F192L; K225L,1
G64S,1
S6T; S32A; S137I; E213*; G220V; A224V; K225I; E305*; D325Y,1
S198T; I199D,1
D121P; S162I; G220V; K225L; D366Y,1
E154G; K225T; G401C,1
S6T; S32A; T88Q; S162I; K225T,1
P58T; E78K; P120Q; G220V; K225L,1
S162I; S163F; S198T; I199D; M211I; C231S; F334L; F337L,1
K225L; Q290*,1
D15Y; G139C; G220V; K225T,1
D54Y; S67I; G220V; K225I; F252L; V319I; S333*,1
G220V; K225I; F343L; R402S; R410S,1
H125L; K225I,1
D121P; K225I; N365D,1
S163F; E201*; K225L; L253F; E305D,1
D121P; K225I; S287I,1
K225I; S372R,1
D117Y; Y171C; K225L; F252L,1
S166Y; S198*; K225L,1
E189*; G220V; K225I,1
S162I; N164S; K225L; C231S; Q295K,1
E201*; G220C,1
P120T; G220V; K225I; Q387K,1
S6T; S32A; K62N; D77Y; G152S; K225L; E336*,1
K225I; Q290H; D338Y,1
S198*; K225L,1
G220V; K225T; S314N; I316N; N365D,1
P2H; L19M; R45S; S198T; I199D,1
G25V; D70Y; K225I,1
N95K; A182E; K225Q; N297T,1
P52T; L61M; G220V; K225I,1
K225L; G256*,1
K225I; C231R; P239Q,1
K225L; T273A; S314Y; R410S,1
F55L; G220V; K225I; L253F; G256*,1
S162I; N164S; G220V; K225T,1
K225I; E336*,1
S162I; G220V; K225T; N365D; S372T; E373Q; Y375F,1
T88Q; G220V; K225I; I227V; L253F,1
S6T; E154*; G220V; K225I,1
S6T; S32A; H56L; S333*,1
K225L; G386C; K407N; I408K; R410E; F411E,1
P2H; G220S; K225L,1
K225L; D278Y,1
G220V; K225T; Q290*,1
S99*; K225L; S314N; I316N,1
S162I; K225T; P298L; R348S; P393T,1
K225L; T230K; G353C,1
K225T; D338Y,1
D121P; S162I; S163F; K225L,1
P43T; R82S; S99*; P120Q; S130Y; P173Q; K225L,1
S6T; G25C; D81Y; K225I,1
K225I; R402S,1
S6T; S32A; D121P; S162I; N164S; G220V; K225T; E373D; Q387H,1
N195K; K225L; P398Q,1
D128Y; K225I,1
P71T; K225L; L309M; F334L,1
S6T; S32A; K37N; K225L,1
G220V; K225T; D325Y,1
S6T; S32A; F55L; H56L; D121P; K225T,1
Q53K; K225L; C231*,1
P120Q; F202L; K225I; A340E,1
K225I; C231R,1
K225L; D325Y; D338Y,1
K225L; D325Y; G353C,1
K225I; G257C,1
K225I; L253F; R402S,1
S6T; S32A; G49C; K225L,1
E159*; D196Y; G220V; K225I; L275F,1
E28*; K225I,1
P2H; K225I,1
K225*; N370D; E373D,1
D121P; S162I; S198T; I199D; K225T,1
F83L; K225L; D278Y,1
K225I; Y355H,1
Q123K; G220V; K225L,1
W40L; K225L,1
K225T; Q267K,1
S6T; K225I; G353S; Y355C,1
S6T; S32A; H56N; D156N; K225I,1
G100C; S162I; N164S; K225I,1
L210P; K225L,1
S6T; D54Y; E154G; E213*,1
G220V; K225I; E373D,1
S6T; S32A; H56L; K225T; C231S; I249N,1
S6T; S32A; P155Q; K225I,1
P52Q; L61M; D121P; G220V; K225I,1
S32A; K225I; E336*,1
S6T; S32A; K225I; C231R; E251*; N365D,1
K225L; D301Y; L404M,1
G101S; K225I; Q344N; N365D,1
P57H; L61M; S198T; I199D; K225I; S314N; I316N,1
S6T; D15Y; G24C; S198T; I199D; C231F,1
R45C; K225I,1
S6T; P146S,1
K225L; K245N; L360F; L380F,1
Y9C; F33L; D65Y; G100C; K225I,1
P188Q; G220V; K225I; I227V,1
D54N; K225I; C231R,1
L104F; K225L,1
P43Q; S198T; I199D; K225*; G403C,1
S6T; S32A; L107M; K225I,1
